{"properties": [
  {
    "name": "io.demo.credit.enabled",
    "type": "java.lang.String",
    "description": "A description for 'io.demo.credit.enabled'"
  },
  {
    "name": "io.demo.credit.protocol",
    "type": "java.lang.String",
    "description": "A description for 'io.demo.credit.protocol'"
  },
  {
    "name": "io.demo.credit.host",
    "type": "java.lang.String",
    "description": "A description for 'io.demo.credit.host'"
  },
  {
    "name": "io.demo.credit.port",
    "type": "java.lang.String",
    "description": "A description for 'io.demo.credit.port'"
  },
  {
    "name": "io.demo.credit.username",
    "type": "java.lang.String",
    "description": "A description for 'io.demo.credit.username'"
  },
  {
    "name": "io.demo.credit.password",
    "type": "java.lang.String",
    "description": "A description for 'io.demo.credit.password'"
  },
  {
    "name": "io.digisic.bank.atm.protocol",
    "type": "java.lang.String",
    "description": "A description for 'io.digisic.bank.atm.protocol'"
  },
  {
    "name": "io.digisic.bank.atm.host",
    "type": "java.lang.String",
    "description": "A description for 'io.digisic.bank.atm.host'"
  },
  {
    "name": "io.digisic.bank.atm.port",
    "type": "java.lang.String",
    "description": "A description for 'io.digisic.bank.atm.port'"
  },
  {
    "name": "io.digisic.bank.atm.protocol",
    "type": "java.lang.String",
    "description": "A description for 'io.digisic.bank.atm.protocol'"
  },
  {
    "name": "io.digisic.bank.atm.protocol",
    "type": "java.lang.String",
    "description": "A description for 'io.digisic.bank.atm.protocol'"
  },
  {
    "name": "io.digisic.bank.atm.protocol",
    "type": "java.lang.String",
    "description": "A description for 'io.digisic.bank.atm.protocol'"
  },
  {
    "name": "io.digisic.bank.visa.protocol",
    "type": "java.lang.String",
    "description": "A description for 'io.digisic.bank.visa.protocol'"
  },
  {
    "name": "io.digisic.bank.visa.host",
    "type": "java.lang.String",
    "description": "A description for 'io.digisic.bank.visa.host'"
  },
  {
    "name": "io.digisic.bank.visa.port",
    "type": "java.lang.String",
    "description": "A description for 'io.digisic.bank.visa.port'"
  },
  {
    "name": "io.digisic.bank.atm.protocol",
    "type": "java.lang.String",
    "description": "A description for 'io.digisic.bank.atm.protocol'"
  },
  {
    "name": "io.demo.partner.credit.app.request",
    "type": "java.lang.String",
    "description": "A description for 'io.demo.partner.credit.app.request'"
  },
  {
    "name": "io.demo.partner.credit.app.response",
    "type": "java.lang.String",
    "description": "A description for 'io.demo.partner.credit.app.response'"
  },
  {
    "name": "io.demo.partner.credit.app.request",
    "type": "java.lang.String",
    "description": "A description for 'io.demo.partner.credit.app.request'"
  },
  {
    "name": "io.demo.credit.enabled",
    "type": "java.lang.String",
    "description": "A description for 'io.demo.credit.enabled'"
  },
  {
    "name": "io.demo.credit.context-path",
    "type": "java.lang.String",
    "description": "A description for 'io.demo.credit.context-path'"
  },
  {
    "name": "io.demo.credit.enabled",
    "type": "java.lang.String",
    "description": "A description for 'io.demo.credit.enabled'"
  },
  {
    "name": "io.digisic.bank.obp.enabled",
    "type": "java.lang.String",
    "description": "A description for 'io.digisic.bank.obp.enabled'"
  },
  {
    "name": "io.digisic.bank.obp.protocol",
    "type": "java.lang.String",
    "description": "A description for 'io.digisic.bank.obp.protocol'"
  },
  {
    "name": "io.digisic.bank.obp.host",
    "type": "java.lang.String",
    "description": "A description for 'io.digisic.bank.obp.host'"
  },
  {
    "name": "io.digisic.bank.obp.port",
    "type": "java.lang.String",
    "description": "A description for 'io.digisic.bank.obp.port'"
  },
  {
    "name": "io.digisic.bank.obp.version",
    "type": "java.lang.String",
    "description": "A description for 'io.digisic.bank.obp.version'"
  },
  {
    "name": "io.digisic.bank.obp.user",
    "type": "java.lang.String",
    "description": "A description for 'io.digisic.bank.obp.user'"
  },
  {
    "name": "io.digisic.bank.obp.password",
    "type": "java.lang.String",
    "description": "A description for 'io.digisic.bank.obp.password'"
  },
  {
    "name": "io.digisic.bank.obp.consumer_key",
    "type": "java.lang.String",
    "description": "A description for 'io.digisic.bank.obp.consumer_key'"
  },
  {
    "name": "io.digisic.bank.obp.enabled",
    "type": "java.lang.String",
    "description": "A description for 'io.digisic.bank.obp.enabled'"
  },
  {
    "name": "io.digisic.bank.obp.consumer_key",
    "type": "java.lang.String",
    "description": "A description for 'io.digisic.bank.obp.consumer_key'"
  },
  {
    "name": "io.digisic.bank.obp.enabled",
    "type": "java.lang.String",
    "description": "A description for 'io.digisic.bank.obp.enabled'"
  },
  {
    "name": "io.digisic.bank.obp.enabled",
    "type": "java.lang.String",
    "description": "A description for 'io.digisic.bank.obp.enabled'"
  }
]}